Date,Stock,avg_sentiment,article_count,Daily_Return,sentiment_class
2020-01-03,GOOG,-0.23835,2,-0.490716760819343,Negative
2020-01-03,NVDA,0.0,1,-1.600581140857893,Neutral
2020-01-06,GOOG,0.17556666666666665,3,2.4657285507428517,Positive
2020-01-06,NVDA,0.0,1,0.41938424786176487,Neutral
2020-01-07,GOOG,0.0,1,-0.0623986848939273,Neutral
2020-01-07,MET,-0.05296666666666667,3,0.6673276915627246,Negative
2020-01-07,NVDA,0.0,1,1.2106525005754376,Neutral
2020-01-08,GOOG,0.0,1,0.7880171835465744,Neutral
2020-01-09,GOOG,0.08895,2,1.1044643386299402,Positive
2020-01-09,MET,0.0,1,1.0418342172144435,Neutral
2020-01-09,NVDA,0.0,1,1.0982607357977958,Neutral
2020-01-10,GOOG,0.0,2,0.6972631619094338,Neutral
2020-01-10,NVDA,0.19651666666666667,6,0.5349222664103426,Positive
2020-01-13,GOOG,0.0,1,0.6644587623347187,Neutral
2020-01-13,NVDA,0.19831000000000001,10,3.135256436999856,Positive
2020-01-14,GOOG,-0.08194,5,-0.5801825718405929,Negative
2020-01-15,GOOG,0.2553,2,0.5814610453246605,Positive
2020-01-15,NVDA,0.057749999999999996,2,-0.6915336005631989,Positive
2020-01-16,GOOG,0.18162,5,0.8685497323127844,Positive
2020-01-16,NVDA,0.2553,2,1.3682384578408424,Positive
2020-01-17,GOOG,0.12513333333333335,6,1.9763068266897443,Positive
2020-01-17,NVDA,0.05103333333333334,3,0.14061342829376766,Positive
2020-01-21,GOOG,0.12040000000000001,3,0.27087521917812385,Positive
2020-01-21,NVDA,-0.3243,2,-0.5375605649135862,Negative
2020-01-22,GOOG,-0.03423333333333333,3,0.10440517498955248,Neutral
2020-01-23,MET,0.296,1,-0.19267644781014726,Positive
2020-01-23,NVDA,0.0,3,1.0995450876761792,Neutral
2020-01-24,GOOG,0.128,1,-1.3412640109955243,Positive
2020-01-24,NVDA,0.0,2,-0.9412404400295227,Neutral
2020-01-27,GOOG,0.03687499999999999,8,-2.236972539313953,Neutral
2020-01-27,NVDA,-0.3982,2,-4.10411849900002,Negative
2020-01-28,GOOG,0.032,4,1.3013421223869281,Neutral
2020-01-28,NVDA,-0.1897,2,3.2348104559439594,Negative
2020-01-29,GOOG,0.0,2,0.41789967971757047,Neutral
2020-01-30,GOOG,0.1909,2,-0.19128956929208574,Positive
2020-01-30,NVDA,-0.36743333333333333,3,0.11000026218406234,Negative
2020-01-31,GOOG,0.10115,2,-1.4843659188655156,Positive
2020-01-31,NVDA,0.32135,2,-3.8159881417240804,Positive
2020-02-03,GOOG,0.0043,15,3.6054073709377965,Neutral
2020-02-03,MET,0.2732,1,0.8524576649814541,Positive
2020-02-04,GOOG,0.11864615384615385,26,-2.615831358999876,Positive
2020-02-04,NVDA,0.11734,5,2.8294415434288567,Positive
2020-02-05,GOOG,0.5106,1,0.0801378311160672,Positive
2020-02-05,MET,0.0,3,2.6493861825592324,Neutral
2020-02-06,GOOG,0.14381666666666668,6,1.9333997037550787,Positive
2020-02-06,NVDA,0.0,1,1.391784912289018,Neutral
2020-02-07,GOOG,-0.1366,2,0.2032235013530448,Negative
2020-02-07,NVDA,0.296,1,-1.0462225956620275,Positive
2020-02-10,GOOG,0.014366666666666675,3,1.990902037785447,Neutral
2020-02-10,NVDA,0.159,4,4.52325306973298,Positive
2020-02-11,GOOG,0.03743333333333334,6,0.0072908802203119905,Neutral
2020-02-11,MET,0.0,1,0.9830192141735639,Neutral
2020-02-11,NVDA,-0.10855999999999999,5,1.870923359077814,Negative
2020-02-12,GOOG,0.37293333333333334,3,0.6283158978441783,Positive
2020-02-12,MET,0.0,1,0.152697518351963,Neutral
2020-02-12,NVDA,-0.0071249999999999925,4,1.7357754845806372,Neutral
2020-02-13,GOOG,0.13975,2,-0.2377722244226943,Positive
2020-02-13,NVDA,-0.044245454545454546,11,-0.64576723612495,Neutral
2020-02-14,GOOG,0.1413333333333333,3,0.4014161390982762,Positive
2020-02-14,NVDA,0.13200967741935482,31,7.0204486423470325,Positive
2020-02-18,GOOG,-0.11148,5,-0.07035795558293367,Negative
2020-02-18,NVDA,0.04531428571428571,7,2.339636558281555,Neutral
2020-02-19,GOOG,0.12085000000000001,2,0.46194604083127366,Positive
2020-02-19,NVDA,-0.00302222222222223,9,6.113222418368314,Neutral
2020-02-20,GOOG,0.14562,5,-0.5594002806574294,Positive
2020-02-20,NVDA,0.018100000000000005,4,-1.9065660562992637,Neutral
2020-02-21,GOOG,0.18142857142857144,7,-2.1763159878755545,Positive
2020-02-21,NVDA,-0.7351,1,-4.7392474828426785,Negative
2020-02-24,GOOG,-0.09878,5,-4.277125894048228,Negative
2020-02-24,NVDA,-0.19886666666666666,3,-7.069734768076874,Negative
2020-02-25,GOOG,0.3561714285714285,7,-2.3311953563525223,Positive
2020-02-25,NVDA,-0.015874999999999986,4,-4.109328768877019,Neutral
2020-02-26,GOOG,0.0,1,0.3406554212520785,Neutral
2020-02-26,NVDA,0.31856666666666666,3,2.136990728318011,Positive
2020-02-27,GOOG,0.11723333333333334,3,-5.389800390768807,Positive
2020-02-27,MET,-0.2006,2,-6.457795611394812,Negative
2020-02-27,NVDA,-0.22693333333333332,3,-5.5665919725021995,Negative
2020-02-28,GOOG,0.028766666666666645,3,1.6114111589148994,Neutral
2020-02-28,MET,-0.4404,1,-2.66574535944194,Negative
2020-02-28,NVDA,0.7579,1,6.916097581609293,Positive
2020-03-02,GOOG,0.0,2,3.7167650016230347,Neutral
2020-03-02,NVDA,0.0,2,2.3549458435838666,Neutral
2020-03-03,GOOG,-0.07543333333333334,3,-3.4352809634335624,Negative
2020-03-03,NVDA,0.015599999999999984,3,-3.8128837940437754,Neutral
2020-03-04,GOOG,0.0,2,3.3644258722097087,Neutral
2020-03-04,NVDA,0.9073,1,7.002854416135218,Positive
2020-03-05,GOOG,0.021083333333333332,6,-4.866874580592018,Neutral
2020-03-05,MET,0.04684999999999999,2,-7.323770276649377,Neutral
2020-03-05,NVDA,0.0,1,-3.9436049636505155,Neutral
2020-03-06,GOOG,0.06870000000000001,5,-1.5639835797877533,Positive
2020-03-06,MET,-0.2023,1,-3.545031085458006,Negative
2020-03-06,NVDA,0.0,2,-2.6528577335114822,Neutral
2020-03-09,GOOG,-0.263075,4,-6.3808994581734275,Negative
2020-03-09,NVDA,-0.2791,2,-7.743188037326032,Negative
2020-03-10,GOOG,0.03977499999999999,4,5.333342445614875,Neutral
2020-03-10,MET,0.30355,2,7.225953207783964,Positive
2020-03-10,NVDA,0.296,1,6.372213665157611,Positive
2020-03-11,GOOG,0.003199999999999992,10,-5.075020119348772,Neutral
2020-03-11,MET,0.3818,1,-4.911489929604529,Positive
2020-03-11,NVDA,-0.0801,2,-5.595984818386612,Negative
2020-03-12,GOOG,-0.06745000000000001,2,-8.26881537168428,Negative
2020-03-12,MET,0.08974999999999998,2,-15.014998423261517,Positive
2020-03-12,NVDA,-0.3612,1,-12.236768565479306,Negative
2020-03-13,GOOG,0.14865,6,9.401649608295637,Positive
2020-03-13,MET,-0.4404,1,12.826839104008103,Negative
2020-03-13,NVDA,-0.128,1,11.340199067275481,Negative
2020-03-16,GOOG,-0.11026,5,-11.100817062030044,Negative
2020-03-16,NVDA,-0.4203,2,-18.45208933505639,Negative
2020-03-17,GOOG,0.16244999999999998,8,3.2711619910766876,Positive
2020-03-17,MET,-0.08549999999999998,3,6.082082953689794,Negative
2020-03-17,NVDA,0.148,2,10.626285915072353,Positive
2020-03-18,GOOG,-0.0399,3,-2.0539467028403258,Neutral
2020-03-18,NVDA,-0.2733333333333334,3,-6.650716092530018,Negative
2020-03-19,GOOG,0.5106,1,1.6858088471266353,Positive
2020-03-19,NVDA,-0.17143333333333333,3,5.0044467186803665,Negative
2020-03-20,GOOG,-0.37895,2,-3.8528162413470013,Negative
2020-03-20,MET,-0.2023,1,-9.029846174301037,Negative
2020-03-20,NVDA,0.2063,3,-3.39016134912703,Positive
2020-03-23,GOOG,-0.03864000000000002,5,-1.4641129949452214,Neutral
2020-03-23,MET,-0.2023,1,-3.486465690299234,Negative
2020-03-23,NVDA,0.296,1,3.3730177934194305,Positive
2020-03-24,GOOG,0.28176,5,7.366906921038141,Positive
2020-03-24,MET,0.891,1,17.339567659182276,Positive
2020-03-24,NVDA,0.22162,10,17.15643351852303,Positive
2020-03-25,GOOG,0.0409,4,-2.8180946537586182,Neutral
2020-03-25,MET,0.6705,1,7.7145872308494345,Positive
2020-03-25,NVDA,0.4088,2,-1.428704699986616,Positive
2020-03-26,MET,0.6486,1,9.381290918993468,Positive
2020-03-26,NVDA,0.6705,1,4.7309223960896984,Positive
2020-03-27,GOOG,0.2164,6,-4.393366691182288,Positive
2020-03-27,MET,0.8271,1,-5.102966263446207,Positive
2020-03-27,NVDA,0.25,1,-1.7532529499154181,Positive
2020-03-30,GOOG,-0.042666666666666665,3,3.2510745165999833,Neutral
2020-03-30,NVDA,0.296,1,5.0884261791798835,Positive
2020-03-31,GOOG,-0.21669999999999998,2,1.3942871231956477,Negative
2020-03-31,NVDA,0.40569999999999995,3,-0.7492620860003241,Positive
2020-04-01,GOOG,0.0,3,-4.918260300787081,Neutral
2020-04-01,MET,-0.4312,2,-8.734026228140912,Negative
2020-04-01,NVDA,-0.21075,2,-7.788312232461736,Negative
2020-04-02,GOOG,-0.11790000000000002,4,1.3766094116036243,Negative
2020-04-03,GOOG,-0.10525000000000004,2,-2.0484654780953737,Negative
2020-04-03,MET,-0.128,1,-1.1764631646208223,Negative
2020-04-03,NVDA,-0.25365,2,-4.525001545907836,Negative
2020-04-06,GOOG,0.7681,2,8.110171735309436,Positive
2020-04-06,MET,0.7579,1,10.497818112772595,Positive
2020-04-06,NVDA,0.7579,1,10.04059989492827,Positive
2020-04-07,GOOG,0.20095,2,-0.034535466543761384,Positive
2020-04-07,NVDA,0.29295,2,-3.4910635223171504,Positive
2020-04-08,GOOG,-0.006571428571428561,7,2.0033341577426755,Neutral
2020-04-08,MET,0.8591,1,5.984817656568664,Positive
2020-04-08,NVDA,0.836,1,3.0575508190962664,Positive
2020-04-09,GOOG,-0.03423333333333333,3,0.0966874521702854,Neutral
2020-04-09,MET,0.8807,1,5.945621128927292,Positive
2020-04-09,NVDA,0.0,1,-1.4983927142596332,Neutral
2020-04-13,GOOG,0.0482,5,0.504342510223843,Neutral
2020-04-13,MET,-0.6705,1,-3.214907208575668,Negative
2020-04-14,GOOG,0.3245,3,4.24373929446662,Positive
2020-04-14,NVDA,0.9552,1,5.225095900986765,Positive
2020-04-15,GOOG,0.33262,5,-0.532605455977242,Positive
2020-04-15,MET,-0.3182,1,-5.692693022980855,Negative
2020-04-15,NVDA,-0.1591,2,-1.0952581813424511,Negative
2020-04-16,GOOG,0.14546666666666666,3,0.07921305325833128,Positive
2020-04-16,NVDA,0.28426,5,4.9351864055190875,Positive
2020-04-17,GOOG,-0.128,1,1.5655284097481292,Negative
2020-04-17,MET,0.8126,1,6.817444391235994,Positive
2020-04-17,NVDA,0.0,1,-0.8075996351757153,Neutral
2020-04-20,GOOG,0.09106666666666667,3,-1.296702979209352,Positive
2020-04-20,MET,-0.2732,1,-1.5426489031382107,Negative
2020-04-20,NVDA,0.2023,1,-1.8027948144028638,Positive
2020-04-21,GOOG,-0.41125,2,-3.9688587547510146,Negative
2020-04-21,NVDA,-0.41125,2,-6.110455047000807,Negative
2020-04-22,GOOG,0.19775,6,3.853357515141509,Positive
2020-04-22,NVDA,0.5719,1,6.174182409821749,Positive
2020-04-23,GOOG,0.021949999999999997,4,1.037033744318716,Neutral
2020-04-23,NVDA,0.2886,3,-0.7478497929925942,Positive
2020-04-24,GOOG,-0.22593333333333332,3,0.23505623733435232,Negative
2020-04-24,NVDA,0.0,1,1.964691300358834,Neutral
2020-04-27,AMZN,0.12831666666666666,6,-1.419786171076065,Positive
2020-04-27,GOOG,0.1775,5,-0.268115681045511,Positive
2020-04-27,MET,0.2732,1,3.3633730747897106,Positive
2020-04-27,NVDA,0.13194,5,2.58640856867145,Positive
2020-04-28,AMZN,-0.006618749999999996,16,-2.606061104255919,Neutral
2020-04-28,GOOG,0.08339285714285714,14,-3.3083007300581446,Positive
2020-04-28,MET,0.28595,2,2.2080102629231213,Positive
2020-04-28,NVDA,-0.3612,1,-1.9253850296315322,Negative
2020-04-29,AMZN,0.11759333333333334,15,2.533616474965794,Positive
2020-04-29,GOOG,0.21639,20,8.738963752111673,Positive
2020-04-29,MET,0.8625,1,6.537796941640628,Positive
2020-04-29,NVDA,0.04590000000000005,2,2.436843277505907,Neutral
2020-04-30,AMZN,0.19513333333333335,27,4.268957423996422,Positive
2020-04-30,GOOG,0.2202,2,0.5352449382351798,Positive
2020-04-30,NVDA,0.0,1,-2.07061275681768,Neutral
2020-05-01,AMZN,0.09047560975609757,41,-7.597409237648933,Positive
2020-05-01,GOOG,0.1901,2,-2.079869906324061,Positive
2020-05-01,MET,-0.6369,1,-3.8803013051923574,Negative
2020-05-01,NVDA,-0.6369,1,-3.2503245371721556,Negative
2020-05-04,AMZN,-0.0032777777777777744,9,1.3101236487597978,Neutral
2020-05-04,GOOG,-0.062116666666666674,6,0.4687409718610924,Negative
2020-05-04,NVDA,0.5574,2,3.0093891391837824,Positive
2020-05-05,AMZN,0.08325,8,0.07815221854263754,Positive
2020-05-05,GOOG,0.2305,5,1.832208438508398,Positive
2020-05-06,AMZN,0.20104444444444444,9,1.4436139090531874,Positive
2020-05-06,GOOG,-0.148,2,-0.2819688952920063,Negative
2020-05-06,MET,-0.05103333333333334,3,-3.7934065402351558,Negative
2020-05-07,AMZN,0.212425,4,0.6953694859791248,Positive
2020-05-07,GOOG,0.2850333333333333,3,1.874850489822455,Positive
2020-05-07,MET,-0.03260000000000002,2,5.936642770975298,Neutral
2020-05-07,NVDA,0.33525,2,2.37753293141183,Positive
2020-05-08,AMZN,0.0,2,0.5068389389295769,Neutral
2020-05-08,GOOG,0.00516,5,1.1518769418378927,Neutral
2020-05-08,MET,0.0,1,2.2648293069827075,Neutral
2020-05-08,NVDA,0.9118,1,2.502734973785836,Positive
2020-05-11,AMZN,0.06424615384615386,13,1.2350743942999287,Positive
2020-05-11,GOOG,-0.04936666666666667,3,1.0724752984299757,Neutral
2020-05-11,MET,0.0,1,-3.5491445569827085,Neutral
2020-05-11,NVDA,0.0,5,3.238391432949572,Neutral
2020-05-12,AMZN,0.08085555555555556,9,-2.160642052362294,Positive
2020-05-12,GOOG,0.280825,4,-1.9611319080881096,Positive
2020-05-12,NVDA,-0.006575,4,-3.2608260831424873,Neutral
2020-05-13,AMZN,0.13204444444444446,9,0.4654320575239179,Positive
2020-05-13,GOOG,0.209575,4,-1.9197142497069941,Positive
2020-05-13,MET,-0.7269,1,-4.942827103599356,Negative
2020-05-13,NVDA,0.1591,2,-0.28835910844516865,Positive
2020-05-14,AMZN,0.10715999999999999,5,0.8838926123896362,Positive
2020-05-14,GOOG,0.0,2,0.503958517653702,Neutral
2020-05-14,NVDA,0.3032333333333333,3,3.219813586177467,Positive
2020-05-15,AMZN,0.15211666666666668,12,0.8761547889003518,Positive
2020-05-15,GOOG,0.27685,6,1.2579916285145876,Positive
2020-05-15,NVDA,0.25020000000000003,3,5.7312283712426915,Positive
2020-05-18,AMZN,0.09148888888888888,9,0.6838841203809398,Positive
2020-05-18,GOOG,0.07543333333333334,3,0.7828541519345089,Positive
2020-05-18,MET,0.6597,1,5.359386377585884,Positive
2020-05-18,NVDA,0.07118571428571428,7,3.056293097431184,Positive
2020-05-19,AMZN,0.20763333333333334,6,0.9508426590011165,Positive
2020-05-19,GOOG,0.4754,1,-0.7554746399873524,Positive
2020-05-19,NVDA,0.04766666666666667,6,0.6314043662059898,Neutral
2020-05-20,AMZN,0.12344444444444444,9,1.9846275173532213,Positive
2020-05-20,GOOG,0.1345,5,2.419765653386907,Positive
2020-05-20,MET,0.9393,1,2.3772749125761106,Positive
2020-05-20,NVDA,0.35645000000000004,2,1.8681606036636156,Positive
2020-05-21,AMZN,0.09384444444444445,9,-2.049693045417056,Positive
2020-05-21,GOOG,0.0,2,-0.2786524246260469,Neutral
2020-05-21,MET,0.0258,1,0.9951483591561949,Neutral
2020-05-21,NVDA,-0.010544444444444448,9,-2.171119137350197,Neutral
2020-05-22,AMZN,0.08808,5,-0.4029821100215214,Positive
2020-05-22,GOOG,-0.09866666666666667,3,0.5432017097496411,Negative
2020-05-22,NVDA,0.02343,20,2.860320584150644,Neutral
2020-05-26,AMZN,0.38205,8,-0.6163614455975353,Positive
2020-05-26,GOOG,0.14049999999999999,3,0.46792887481101886,Positive
2020-05-26,MET,0.8591,1,8.278331827985452,Positive
2020-05-26,NVDA,-0.026980000000000004,5,-3.4178158809115122,Neutral
2020-05-27,AMZN,0.07304000000000002,10,-0.47360423470356183,Positive
2020-05-27,GOOG,0.18485000000000001,4,0.057876703405512764,Positive
2020-05-27,MET,0.8779,1,2.299176462348518,Positive
2020-05-27,NVDA,0.6214999999999999,2,-2.2081323609857484,Positive
2020-05-28,AMZN,0.079625,4,-0.3854151605534595,Positive
2020-05-28,GOOG,-0.163125,8,-0.07827443816607049,Negative
2020-05-28,NVDA,0.0,1,-0.4486964455232001,Neutral
2020-05-29,AMZN,0.400675,4,1.7187950901155657,Positive
2020-05-29,GOOG,0.0051600000000000005,5,0.8604119609381122,Neutral
2020-06-01,AMZN,-0.014886666666666666,15,1.1738616181262485,Neutral
2020-06-01,GOOG,0.0593,3,0.20296473643814927,Positive
2020-06-01,NVDA,0.4215,1,-0.7802347435413859,Positive
2020-06-02,AMZN,-0.478875,4,0.05543957444538172,Negative
2020-06-02,GOOG,0.296,1,0.5168061380667499,Positive
2020-06-02,NVDA,0.2202,2,0.21577617725327958,Positive
2020-06-03,MET,0.8442,1,4.094560079957632,Positive
2020-06-04,GOOG,0.0,1,-1.6847840347956278,Neutral
2020-06-04,MET,0.8567,1,3.854235202889855,Positive
2020-06-05,GOOG,-0.4110333333333333,3,1.855994335203448,Negative
2020-06-05,MET,0.8402,2,3.558753968537487,Positive
2020-06-08,GOOG,0.5423,1,0.5714624298025051,Positive
2020-06-08,NVDA,0.16866666666666666,3,-1.289268494377549,Positive
2020-06-09,AMZN,0.07777500000000004,4,3.0427139202305886,Positive
2020-06-09,GOOG,0.0,2,0.6601829867848519,Neutral
2020-06-09,MET,0.7506,1,-3.3721286059816946,Positive
2020-06-09,NVDA,0.7296,1,2.737116976922449,Positive
2020-06-10,AMZN,0.3912333333333333,6,1.7913292558120908,Positive
2020-06-10,GOOG,0.29583333333333334,3,0.6654460079314362,Positive
2020-06-10,NVDA,0.2432,3,3.545753710029742,Positive
2020-06-11,MET,0.3182,1,-9.037972469912802,Positive
